qseqid	TaxID	Kingdom	Phylum	Class	Order	Family	Genus	Species
E250118428L1C001R00504285302|Cx:i:14927|Cy:i:4180|33841CC40EED5|7F3D8	9541	Metazoa	Chordata	Mammalia	Primates	Cercopithecidae	Macaca	Macaca fascicularis
E250118428L1C002R04203408425|Cx:i:7940|Cy:i:17682|1DC90E007A460|7CFFC	9541	Metazoa	Chordata	Mammalia	Primates	Cercopithecidae	Macaca	Macaca fascicularis
E250118428L1C003R02801609546|Cx:i:16800|Cy:i:11865|1419F0E0CBDC2|64E91	9606	Metazoa	Chordata	Mammalia	Primates	Hominidae	Homo	Homo sapiens
E250118428L1C004R00700769538|Cx:i:8385|Cy:i:4870|A55751A28CE5|7055C	9823	Metazoa	Chordata	Mammalia	Artiodactyla	Suidae	Sus	Sus scrofa
E250118428L1C004R03601212849|Cx:i:15050|Cy:i:14302|1489270C82315|B883C	60711	Metazoa	Chordata	Mammalia	Primates	Cercopithecidae	Chlorocebus	Chlorocebus sabaeus
E250118428L1C006R04202900173|Cx:i:8898|Cy:i:15987|244C68B60B700|D7909	257877	Metazoa	Chordata	Mammalia	Primates	Cercopithecidae	Macaca	Macaca thibetana
E250118428L1C011R00604737868|Cx:i:15985|Cy:i:13778|320ECF596D670|775F7	9823	Metazoa	Chordata	Mammalia	Artiodactyla	Suidae	Sus	Sus scrofa
E250118428L1C011R03403176403|Cx:i:16166|Cy:i:13223|3415C27748491|6683A	9606	Metazoa	Chordata	Mammalia	Primates	Hominidae	Homo	Homo sapiens
E250118428L1C013R01800311522|Cx:i:13521|Cy:i:14713|161D42206482D|5C31C	9541	Metazoa	Chordata	Mammalia	Primates	Cercopithecidae	Macaca	Macaca fascicularis
E250118428L1C013R03302111890|Cx:i:8165|Cy:i:3411|19676E542B0C2|D59ED	9823	Metazoa	Chordata	Mammalia	Artiodactyla	Suidae	Sus	Sus scrofa
E250118428L1C014R00501884548|Cx:i:18575|Cy:i:17537|3ED26160DCC0D|6E021	2715852	Metazoa	Chordata	Mammalia	Primates	Cebidae	Cebus	Cebus imitator
E250118428L1C014R01900506372|Cx:i:17701|Cy:i:13114|3BE55D8A80ABD|680D7	9606	Metazoa	Chordata	Mammalia	Primates	Hominidae	Homo	Homo sapiens
E250118428L1C014R02800896079|Cx:i:11741|Cy:i:15260|4D1EC4F4823C|6710A	9541	Metazoa	Chordata	Mammalia	Primates	Cercopithecidae	Macaca	Macaca fascicularis
E250118428L1C015R03404010940|Cx:i:15917|Cy:i:13616|820C6093F200|65B91	9544	Metazoa	Chordata	Mammalia	Primates	Cercopithecidae	Macaca	Macaca mulatta
E250118428L1C017R02003691024|Cx:i:14605|Cy:i:14696|D6FAEEAC0E89|72030	9606	Metazoa	Chordata	Mammalia	Primates	Hominidae	Homo	Homo sapiens
E250118428L1C017R02903402035|Cx:i:2455|Cy:i:8754|1565A58E4D516|DAD9E	9606	Metazoa	Chordata	Mammalia	Primates	Hominidae	Homo	Homo sapiens
E250118428L1C017R03804538555|Cx:i:14409|Cy:i:17778|35DC645076604|26A47	41426	Metazoa	Chordata	Mammalia	Artiodactyla	Suidae	Phacochoerus	Phacochoerus africanus
E250118428L1C018R00104919209|Cx:i:15434|Cy:i:15363|642167821|678DB	9544	Metazoa	Chordata	Mammalia	Primates	Cercopithecidae	Macaca	Macaca mulatta
E250118428L1C019R01503873581|Cx:i:3634|Cy:i:6044|70524609310|70BEB	9823	Metazoa	Chordata	Mammalia	Artiodactyla	Suidae	Sus	Sus scrofa
E250118428L1C021R03303940017|Cx:i:6253|Cy:i:8336|24215DEB7B7C9|54D0E	41426	Metazoa	Chordata	Mammalia	Artiodactyla	Suidae	Phacochoerus	Phacochoerus africanus
E250118428L1C021R03802901807|Cx:i:12616|Cy:i:19682|BC08AF153171|47FD8	9606	Metazoa	Chordata	Mammalia	Primates	Hominidae	Homo	Homo sapiens
E250118428L1C022R03901365404|Cx:i:13961|Cy:i:14706|185B754F3D0D5|7541B	9601	Metazoa	Chordata	Mammalia	Primates	Hominidae	Pongo	Pongo abelii
E250118428L1C025R02902762018|Cx:i:8702|Cy:i:15008|1A7F851401CA3|51556	9823	Metazoa	Chordata	Mammalia	Artiodactyla	Suidae	Sus	Sus scrofa
E250118428L1C026R01804881836|Cx:i:17064|Cy:i:8936|15E4D51440511|B2505	111789	unknown	unknown	unknown	unknown	unknown	unknown	eukaryotic synthetic construct
E250118428L1C027R03703818058|Cx:i:16939|Cy:i:9169|19390E4A0181D|604F2	9606	Metazoa	Chordata	Mammalia	Primates	Hominidae	Homo	Homo sapiens
E250118428L1C028R04002807303|Cx:i:15885|Cy:i:15819|199FD40296822|D01DA	9606	Metazoa	Chordata	Mammalia	Primates	Hominidae	Homo	Homo sapiens
E250118428L1C029R00304525501|Cx:i:14901|Cy:i:14570|2BB185C6840D4|79516	9544	Metazoa	Chordata	Mammalia	Primates	Cercopithecidae	Macaca	Macaca mulatta
E250118428L1C029R01903592940|Cx:i:19055|Cy:i:13724|8CA870900850|53288	9544	Metazoa	Chordata	Mammalia	Primates	Cercopithecidae	Macaca	Macaca mulatta
E250118428L1C030R03602027131|Cx:i:3283|Cy:i:10129|29C208BA47338|56356	9823	Metazoa	Chordata	Mammalia	Artiodactyla	Suidae	Sus	Sus scrofa
E250118428L1C031R00500283422|Cx:i:10905|Cy:i:16118|2251E55B0061E|B36DE	9606	Metazoa	Chordata	Mammalia	Primates	Hominidae	Homo	Homo sapiens
E250118428L1C031R01101718967|Cx:i:16482|Cy:i:9491|740477B91E8A|27A3C	9606	Metazoa	Chordata	Mammalia	Primates	Hominidae	Homo	Homo sapiens
E250118428L1C032R02900829848|Cx:i:14533|Cy:i:21597|94454D411110|652D1	9606	Metazoa	Chordata	Mammalia	Primates	Hominidae	Homo	Homo sapiens
E250118428L1C032R03302665649|Cx:i:3916|Cy:i:2303|8C04B03C13EB|5BFE5	9823	Metazoa	Chordata	Mammalia	Artiodactyla	Suidae	Sus	Sus scrofa
E250118428L1C033R01802112383|Cx:i:5485|Cy:i:18970|505345500016|51408	9606	Metazoa	Chordata	Mammalia	Primates	Hominidae	Homo	Homo sapiens
E250118428L1C034R03203349253|Cx:i:14912|Cy:i:18516|2901880E48D37|67E88	9545	Metazoa	Chordata	Mammalia	Primates	Cercopithecidae	Macaca	Macaca nemestrina
E250118428L1C036R02503966909|Cx:i:14622|Cy:i:16507|14D045837D028|775B1	9606	Metazoa	Chordata	Mammalia	Primates	Hominidae	Homo	Homo sapiens
E250118428L1C037R01304018064|Cx:i:5561|Cy:i:4580|3A8B30F7002F4|53B35	9823	Metazoa	Chordata	Mammalia	Artiodactyla	Suidae	Sus	Sus scrofa
E250118428L1C037R03004479009|Cx:i:17275|Cy:i:7067|21A40707C2E77|7D7FA	9825	Metazoa	Chordata	Mammalia	Artiodactyla	Suidae	Sus	Sus scrofa
E250118428L1C038R00900965101|Cx:i:7579|Cy:i:17450|A07594B89545|53F8D	9541	Metazoa	Chordata	Mammalia	Primates	Cercopithecidae	Macaca	Macaca fascicularis
E250118428L1C038R04103174318|Cx:i:7559|Cy:i:20667|11574842819DC|BCF4C	9986	Metazoa	Chordata	Mammalia	Lagomorpha	Leporidae	Oryctolagus	Oryctolagus cuniculus
E250118428L1C041R02600458131|Cx:i:9032|Cy:i:12645|21C4D244182CF|DDDDF	9544	Metazoa	Chordata	Mammalia	Primates	Cercopithecidae	Macaca	Macaca mulatta
E250118428L1C041R04102652094|Cx:i:11817|Cy:i:16054|1A88C24E6068D|61BA1	9544	Metazoa	Chordata	Mammalia	Primates	Cercopithecidae	Macaca	Macaca mulatta
E250118428L1C042R01804991661|Cx:i:13733|Cy:i:14851|53515616245D|67577	257877	Metazoa	Chordata	Mammalia	Primates	Cercopithecidae	Macaca	Macaca thibetana
E250118428L1C042R03302492173|Cx:i:16967|Cy:i:10324|1EC5E2E180100|81F14	9601	Metazoa	Chordata	Mammalia	Primates	Hominidae	Pongo	Pongo abelii
E250118428L1C001R01102211272|Cx:i:21013|Cy:i:20734|15635A500F516|7D711	9598	Metazoa	Chordata	Mammalia	Primates	Hominidae	Pan	Pan troglodytes
E250118428L1C005R02002652738|Cx:i:11656|Cy:i:19122|845725094048|45CF0	9544	Metazoa	Chordata	Mammalia	Primates	Cercopithecidae	Macaca	Macaca mulatta
E250118428L1C006R03303763956|Cx:i:17113|Cy:i:9690|CDD674A9C020|587C0	9541	Metazoa	Chordata	Mammalia	Primates	Cercopithecidae	Macaca	Macaca fascicularis
E250118428L1C008R01604632694|Cx:i:12534|Cy:i:21245|35E1A12858598|7478D	210409	Metazoa	Arthropoda	Malacostraca	Decapoda	Portunidae	Portunus	Portunus trituberculatus
E250118428L1C009R02402985959|Cx:i:10597|Cy:i:15213|224A9C79C2416|22B82	9606	Metazoa	Chordata	Mammalia	Primates	Hominidae	Homo	Homo sapiens
E250118428L1C015R00601263551|Cx:i:11793|Cy:i:15030|171BF056226D0|798D9	9544	Metazoa	Chordata	Mammalia	Primates	Cercopithecidae	Macaca	Macaca mulatta
E250118428L1C015R03401979496|Cx:i:14607|Cy:i:14724|165D59891029C|637E6	9606	Metazoa	Chordata	Mammalia	Primates	Hominidae	Homo	Homo sapiens
E250118428L1C017R00200617817|Cx:i:6266|Cy:i:18416|881662C07C89|90048	9606	Metazoa	Chordata	Mammalia	Primates	Hominidae	Homo	Homo sapiens
E250118428L1C017R02101714087|Cx:i:15803|Cy:i:7800|65CC88E00506|E7DF7	257877	Metazoa	Chordata	Mammalia	Primates	Cercopithecidae	Macaca	Macaca thibetana
E250118428L1C018R02304062731|Cx:i:15159|Cy:i:4395|329D93628DFB2|CEA29	9606	Metazoa	Chordata	Mammalia	Primates	Hominidae	Homo	Homo sapiens
E250118428L1C019R02201785531|Cx:i:2857|Cy:i:17747|155D15B10D750|69535	9823	Metazoa	Chordata	Mammalia	Artiodactyla	Suidae	Sus	Sus scrofa
E250118428L1C019R02700852582|Cx:i:3875|Cy:i:12444|32000AB3CD251|47915	9544	Metazoa	Chordata	Mammalia	Primates	Cercopithecidae	Macaca	Macaca mulatta
E250118428L1C020R00301503298|Cx:i:15620|Cy:i:15557|1710948C300|677D8	9597	Metazoa	Chordata	Mammalia	Primates	Hominidae	Pan	Pan paniscus
E250118428L1C021R03002101865|Cx:i:12395|Cy:i:9835|9E30EDF0C260|677F3	9606	Metazoa	Chordata	Mammalia	Primates	Hominidae	Homo	Homo sapiens
E250118428L1C022R01401675960|Cx:i:11677|Cy:i:18811|2E05824C1088A|674BE	9606	Metazoa	Chordata	Mammalia	Primates	Hominidae	Homo	Homo sapiens
E250118428L1C026R01901215570|Cx:i:8377|Cy:i:16067|673960083830|675DF	9606	Metazoa	Chordata	Mammalia	Primates	Hominidae	Homo	Homo sapiens
E250118428L1C027R03300275387|Cx:i:9211|Cy:i:18887|14E50B7C8C0B6|75746	9531	Metazoa	Chordata	Mammalia	Primates	Cercopithecidae	Cercocebus	Cercocebus atys
E250118428L1C028R00403402265|Cx:i:6216|Cy:i:15790|22A303801517|67EC5	9823	Metazoa	Chordata	Mammalia	Artiodactyla	Suidae	Sus	Sus scrofa
E250118428L1C028R01002541216|Cx:i:4636|Cy:i:8446|5005C56CAF02|4081B	9823	Metazoa	Chordata	Mammalia	Artiodactyla	Suidae	Sus	Sus scrofa
E250118428L1C029R03000749789|Cx:i:12369|Cy:i:16741|1436260187574|66205	9544	Metazoa	Chordata	Mammalia	Primates	Cercopithecidae	Macaca	Macaca mulatta
E250118428L1C030R01100179025|Cx:i:16921|Cy:i:11706|35A5C9C0239AD|41468	60711	Metazoa	Chordata	Mammalia	Primates	Cercopithecidae	Chlorocebus	Chlorocebus sabaeus
E250118428L1C031R03901629001|Cx:i:9448|Cy:i:5387|24012CB91515|BC3B1	41426	Metazoa	Chordata	Mammalia	Artiodactyla	Suidae	Phacochoerus	Phacochoerus africanus
E250118428L1C032R02501991314|Cx:i:12588|Cy:i:21139|2730A0602938E|6571B	9823	Metazoa	Chordata	Mammalia	Artiodactyla	Suidae	Sus	Sus scrofa
E250118428L1C033R01703145664|Cx:i:7204|Cy:i:2040|F8E0C12D0080|46717	9823	Metazoa	Chordata	Mammalia	Artiodactyla	Suidae	Sus	Sus scrofa
E250118428L1C034R02004308156|Cx:i:9331|Cy:i:16574|26120D35D4870|7F4C2	257877	Metazoa	Chordata	Mammalia	Primates	Cercopithecidae	Macaca	Macaca thibetana
E250118428L1C035R03302169291|Cx:i:8956|Cy:i:21349|28E1C6D6D858|FA528	9823	Metazoa	Chordata	Mammalia	Artiodactyla	Suidae	Sus	Sus scrofa
E250118428L1C036R03302261151|Cx:i:15972|Cy:i:13375|1029259098379|5CE37	9534	Metazoa	Chordata	Mammalia	Primates	Cercopithecidae	Chlorocebus	Chlorocebus aethiops
E250118428L1C040R03703912639|Cx:i:7592|Cy:i:19100|309D602155D05|53037	9606	Metazoa	Chordata	Mammalia	Primates	Hominidae	Homo	Homo sapiens
E250118428L1C041R03203762764|Cx:i:15492|Cy:i:5534|3ED45159A8C1C|7D731	41426	Metazoa	Chordata	Mammalia	Artiodactyla	Suidae	Phacochoerus	Phacochoerus africanus
E250118428L1C042R00904302209|Cx:i:7106|Cy:i:10535|315E637375E90|795C7	9601	Metazoa	Chordata	Mammalia	Primates	Hominidae	Pongo	Pongo abelii
E250118428L1C042R02003099268|Cx:i:10222|Cy:i:2641|2391D3BC60ABF|B7E0A	9544	Metazoa	Chordata	Mammalia	Primates	Cercopithecidae	Macaca	Macaca mulatta
E250118428L1C001R00602887552|Cx:i:16148|Cy:i:13974|1822EBD7171|6164A	9601	Metazoa	Chordata	Mammalia	Primates	Hominidae	Pongo	Pongo abelii
E250118428L1C002R03200487587|Cx:i:15194|Cy:i:14259|F821B5D9584F|E4D54	60711	Metazoa	Chordata	Mammalia	Primates	Cercopithecidae	Chlorocebus	Chlorocebus sabaeus
E250118428L1C007R00304372393|Cx:i:16631|Cy:i:6949|19D537511AC49|67EF7	9601	Metazoa	Chordata	Mammalia	Primates	Hominidae	Pongo	Pongo abelii
E250118428L1C007R03304182561|Cx:i:21167|Cy:i:6073|D1E85FDACC0|B39D5	9541	Metazoa	Chordata	Mammalia	Primates	Cercopithecidae	Macaca	Macaca fascicularis
E250118428L1C008R02103444472|Cx:i:3485|Cy:i:6238|2595931C808B3|1A5E2	9823	Metazoa	Chordata	Mammalia	Artiodactyla	Suidae	Sus	Sus scrofa
E250118428L1C008R04103173067|Cx:i:9454|Cy:i:18859|130C99DF57689|400C3	9541	Metazoa	Chordata	Mammalia	Primates	Cercopithecidae	Macaca	Macaca fascicularis
E250118428L1C010R02802421406|Cx:i:19478|Cy:i:5322|125E64B215D4A|9EA1C	9541	Metazoa	Chordata	Mammalia	Primates	Cercopithecidae	Macaca	Macaca fascicularis
E250118428L1C010R03705023117|Cx:i:8706|Cy:i:14237|185DFC350C796|35CFE	212740	Metazoa	Chordata	Chondrichthyes	Hexanchiformes	Hexanchidae	Heptranchias	Heptranchias perlo
E250118428L1C012R01104424382|Cx:i:16119|Cy:i:5929|3065D645C5825|49F01	9544	Metazoa	Chordata	Mammalia	Primates	Cercopithecidae	Macaca	Macaca mulatta
E250118428L1C012R01801847795|Cx:i:8630|Cy:i:15909|6C4DC50D0012|60160	9565	Metazoa	Chordata	Mammalia	Primates	Cercopithecidae	Theropithecus	Theropithecus gelada
E250118428L1C012R04100725808|Cx:i:18283|Cy:i:12439|2EA563961B7F7|90D5D	60711	Metazoa	Chordata	Mammalia	Primates	Cercopithecidae	Chlorocebus	Chlorocebus sabaeus
E250118428L1C014R00400423898|Cx:i:14225|Cy:i:14659|165CD511085EC|11609	9544	Metazoa	Chordata	Mammalia	Primates	Cercopithecidae	Macaca	Macaca mulatta
E250118428L1C014R00901697946|Cx:i:18298|Cy:i:16514|14A410DA40400|B1D7E	9823	Metazoa	Chordata	Mammalia	Artiodactyla	Suidae	Sus	Sus scrofa
E250118428L1C018R00500754548|Cx:i:8010|Cy:i:16618|125A65579D661|57795	9544	Metazoa	Chordata	Mammalia	Primates	Cercopithecidae	Macaca	Macaca mulatta
E250118428L1C019R00603456809|Cx:i:16449|Cy:i:12617|1C55881A44A55|5285B	9541	Metazoa	Chordata	Mammalia	Primates	Cercopithecidae	Macaca	Macaca fascicularis
E250118428L1C021R02701189856|Cx:i:16813|Cy:i:8676|65011508C543|AF6D1	9544	Metazoa	Chordata	Mammalia	Primates	Cercopithecidae	Macaca	Macaca mulatta
E250118428L1C022R02704213787|Cx:i:15178|Cy:i:4385|5184782DDD50|67EE1	41426	Metazoa	Chordata	Mammalia	Artiodactyla	Suidae	Phacochoerus	Phacochoerus africanus
E250118428L1C025R02502004559|Cx:i:4246|Cy:i:19740|D775E684320D|1C9C7	9606	Metazoa	Chordata	Mammalia	Primates	Hominidae	Homo	Homo sapiens
E250118428L1C025R03701327154|Cx:i:14806|Cy:i:14415|5A5E44040D7|40953	9544	Metazoa	Chordata	Mammalia	Primates	Cercopithecidae	Macaca	Macaca mulatta
E250118428L1C025R04103809721|Cx:i:16820|Cy:i:9379|4468000E3149|ABA0C	9545	Metazoa	Chordata	Mammalia	Primates	Cercopithecidae	Macaca	Macaca nemestrina
E250118428L1C027R02100654960|Cx:i:14683|Cy:i:4641|403765A8B490|67E97	9606	Metazoa	Chordata	Mammalia	Primates	Hominidae	Homo	Homo sapiens
E250118428L1C027R03600212732|Cx:i:6479|Cy:i:4953|474142270519|467C4	9823	Metazoa	Chordata	Mammalia	Artiodactyla	Suidae	Sus	Sus scrofa
E250118428L1C028R01500697732|Cx:i:3183|Cy:i:7536|13E4340403AB|C9C2A	1859967	Fungi	Ascomycota	Sordariomycetes	Hypocreales	Stachybotryaceae	Paramyrothecium	Paramyrothecium foliicola
E250118428L1C029R03104615005|Cx:i:4886|Cy:i:20019|A00EA8C49AE|4B812	9544	Metazoa	Chordata	Mammalia	Primates	Cercopithecidae	Macaca	Macaca mulatta
E250118428L1C031R01304711265|Cx:i:9233|Cy:i:15484|3A718829A4E1D|AD333	9541	Metazoa	Chordata	Mammalia	Primates	Cercopithecidae	Macaca	Macaca fascicularis
E250118428L1C031R01900032164|Cx:i:16057|Cy:i:13513|33A51D47E05D1|97DD2	257877	Metazoa	Chordata	Mammalia	Primates	Cercopithecidae	Macaca	Macaca thibetana
E250118428L1C033R02701584621|Cx:i:10051|Cy:i:16684|CCD48D0AA4F3|45503	9606	Metazoa	Chordata	Mammalia	Primates	Hominidae	Homo	Homo sapiens
E250118428L1C033R04104185982|Cx:i:8537|Cy:i:16300|375E082070139|66438	60711	Metazoa	Chordata	Mammalia	Primates	Cercopithecidae	Chlorocebus	Chlorocebus sabaeus
E250118428L1C035R02903214327|Cx:i:12042|Cy:i:17081|51716F23015E|26431	9823	Metazoa	Chordata	Mammalia	Artiodactyla	Suidae	Sus	Sus scrofa
E250118428L1C036R00204084795|Cx:i:9214|Cy:i:16471|37BD12C7013DC|738B6	9606	Metazoa	Chordata	Mammalia	Primates	Hominidae	Homo	Homo sapiens
E250118428L1C037R01403562063|Cx:i:7374|Cy:i:15188|27C52744A04E7|73354	9823	Metazoa	Chordata	Mammalia	Artiodactyla	Suidae	Sus	Sus scrofa
E250118428L1C037R03703693520|Cx:i:17055|Cy:i:10575|8E2780130478|67F17	9545	Metazoa	Chordata	Mammalia	Primates	Cercopithecidae	Macaca	Macaca nemestrina
E250118428L1C037R04203018222|Cx:i:16819|Cy:i:7764|883EF67ACE56|487D4	9541	Metazoa	Chordata	Mammalia	Primates	Cercopithecidae	Macaca	Macaca fascicularis
E250118428L1C039R01303861140|Cx:i:10256|Cy:i:15236|B710CC1E4720|D3339	9545	Metazoa	Chordata	Mammalia	Primates	Cercopithecidae	Macaca	Macaca nemestrina
E250118428L1C039R01802417496|Cx:i:16396|Cy:i:13357|3D80F5651968D|4B171	111789	unknown	unknown	unknown	unknown	unknown	unknown	eukaryotic synthetic construct
E250118428L1C040R00103073814|Cx:i:15764|Cy:i:13499|1DA0402054D41|38D3A	9545	Metazoa	Chordata	Mammalia	Primates	Cercopithecidae	Macaca	Macaca nemestrina
E250118428L1C040R00702822877|Cx:i:3811|Cy:i:21162|9D4911AC9D51|FA256	9823	Metazoa	Chordata	Mammalia	Artiodactyla	Suidae	Sus	Sus scrofa
E250118428L1C041R01801151411|Cx:i:6930|Cy:i:20515|68B91C321081|58C01	9823	Metazoa	Chordata	Mammalia	Artiodactyla	Suidae	Sus	Sus scrofa
E250118428L1C003R01502110817|Cx:i:10904|Cy:i:9800|3D40FBC053858|CF229	9544	Metazoa	Chordata	Mammalia	Primates	Cercopithecidae	Macaca	Macaca mulatta
E250118428L1C007R01000438299|Cx:i:7411|Cy:i:8747|E01194028045|67157	9606	Metazoa	Chordata	Mammalia	Primates	Hominidae	Homo	Homo sapiens
E250118428L1C007R01902411166|Cx:i:13474|Cy:i:3936|2758716422679|C5752	9544	Metazoa	Chordata	Mammalia	Primates	Cercopithecidae	Macaca	Macaca mulatta
E250118428L1C007R02800757074|Cx:i:11563|Cy:i:14943|2495C1845040D|4D251	9545	Metazoa	Chordata	Mammalia	Primates	Cercopithecidae	Macaca	Macaca nemestrina
E250118428L1C009R00404165301|Cx:i:15521|Cy:i:14301|25F518942458F|73105	9544	Metazoa	Chordata	Mammalia	Primates	Cercopithecidae	Macaca	Macaca mulatta
E250118428L1C009R01603393650|Cx:i:9551|Cy:i:15997|3138B814E9738|C0FCE	9545	Metazoa	Chordata	Mammalia	Primates	Cercopithecidae	Macaca	Macaca nemestrina
E250118428L1C011R00701573939|Cx:i:13045|Cy:i:14758|9156033D222D|FFFD6	9606	Metazoa	Chordata	Mammalia	Primates	Hominidae	Homo	Homo sapiens
E250118428L1C011R03903262158|Cx:i:13002|Cy:i:19724|1F442130035|67E97	9545	Metazoa	Chordata	Mammalia	Primates	Cercopithecidae	Macaca	Macaca nemestrina
E250118428L1C012R04003412764|Cx:i:9796|Cy:i:19655|3B57EFC54F95|1E1C5	9823	Metazoa	Chordata	Mammalia	Artiodactyla	Suidae	Sus	Sus scrofa
E250118428L1C013R03901246790|Cx:i:10488|Cy:i:17384|369D914566950|437C1	9606	Metazoa	Chordata	Mammalia	Primates	Hominidae	Homo	Homo sapiens
E250118428L1C013R03901785145|Cx:i:17804|Cy:i:10537|CCDA7CBB2194|227F	9823	Metazoa	Chordata	Mammalia	Artiodactyla	Suidae	Sus	Sus scrofa
E250118428L1C014R01102713610|Cx:i:17400|Cy:i:4694|180901C398030|67D5C	9823	Metazoa	Chordata	Mammalia	Artiodactyla	Suidae	Sus	Sus scrofa
E250118428L1C015R03203312779|Cx:i:11013|Cy:i:15412|E614213430E4|79635	9544	Metazoa	Chordata	Mammalia	Primates	Cercopithecidae	Macaca	Macaca mulatta
E250118428L1C015R04201656511|Cx:i:15874|Cy:i:19478|37294D75770D9|53816	241622	Fungi	Glomeromycota	unknown	unknown	unknown	unknown	uncultured Glomeromycotina
E250118428L1C016R02900028800|Cx:i:3578|Cy:i:5716|86C00249800A|95F0F	9823	Metazoa	Chordata	Mammalia	Artiodactyla	Suidae	Sus	Sus scrofa
E250118428L1C016R02900519529|Cx:i:13431|Cy:i:20081|497DB6679535|307DC	9541	Metazoa	Chordata	Mammalia	Primates	Cercopithecidae	Macaca	Macaca fascicularis
E250118428L1C016R03800459416|Cx:i:13276|Cy:i:17347|68C0C1030|C3C68	9544	Metazoa	Chordata	Mammalia	Primates	Cercopithecidae	Macaca	Macaca mulatta
E250118428L1C018R01002924842|Cx:i:19372|Cy:i:19631|2214660404320|61A03	9823	Metazoa	Chordata	Mammalia	Artiodactyla	Suidae	Sus	Sus scrofa
E250118428L1C020R04200599738|Cx:i:13559|Cy:i:14739|F6005A551246|67EF5	9544	Metazoa	Chordata	Mammalia	Primates	Cercopithecidae	Macaca	Macaca mulatta
E250118428L1C024R01404863676|Cx:i:6677|Cy:i:20875|60D804104711|7C726	9541	Metazoa	Chordata	Mammalia	Primates	Cercopithecidae	Macaca	Macaca fascicularis
E250118428L1C025R02903432454|Cx:i:7428|Cy:i:10539|A2600DDC0022|515B1	9823	Metazoa	Chordata	Mammalia	Artiodactyla	Suidae	Sus	Sus scrofa
E250118428L1C026R01104361797|Cx:i:12449|Cy:i:15300|3156761161741|67E97	59463	Metazoa	Chordata	Mammalia	Chiroptera	Vespertilionidae	Myotis	Myotis lucifugus
E250118428L1C026R03104351135|Cx:i:10915|Cy:i:15511|105E851100C5E|48BC5	9555	Metazoa	Chordata	Mammalia	Primates	Cercopithecidae	Papio	Papio anubis
E250118428L1C026R03602468400|Cx:i:15977|Cy:i:13548|116245116B429|C0EF5	134920	Metazoa	Chordata	Actinopteri	Perciformes	Gasterosteidae	Pungitius	Pungitius pungitius
E250118428L1C027R00500163174|Cx:i:11053|Cy:i:16739|3548C4E640E11|D64E3	9544	Metazoa	Chordata	Mammalia	Primates	Cercopithecidae	Macaca	Macaca mulatta
E250118428L1C027R00902815832|Cx:i:10956|Cy:i:10385|3FF0DD7E021ED|24C28	9823	Metazoa	Chordata	Mammalia	Artiodactyla	Suidae	Sus	Sus scrofa
E250118428L1C027R03900804150|Cx:i:4820|Cy:i:20554|283215326B15A|29299	9606	Metazoa	Chordata	Mammalia	Primates	Hominidae	Homo	Homo sapiens
E250118428L1C028R03001694142|Cx:i:9785|Cy:i:10593|64587261413|C6A76	9823	Metazoa	Chordata	Mammalia	Artiodactyla	Suidae	Sus	Sus scrofa
E250118428L1C028R03600182649|Cx:i:8557|Cy:i:15988|C041F05631C4|A5776	9606	Metazoa	Chordata	Mammalia	Primates	Hominidae	Homo	Homo sapiens
E250118428L1C034R01301216980|Cx:i:16730|Cy:i:10459|C10087464034|67714	9545	Metazoa	Chordata	Mammalia	Primates	Cercopithecidae	Macaca	Macaca nemestrina
E250118428L1C034R01302054182|Cx:i:6922|Cy:i:4430|259078908061C|F33F3	9606	Metazoa	Chordata	Mammalia	Primates	Hominidae	Homo	Homo sapiens
E250118428L1C035R01603811946|Cx:i:15379|Cy:i:10149|2604F50D68451|1CA95	9545	Metazoa	Chordata	Mammalia	Primates	Cercopithecidae	Macaca	Macaca nemestrina
E250118428L1C035R01700407892|Cx:i:20217|Cy:i:3386|256D4B5045C7|CBD97	9606	Metazoa	Chordata	Mammalia	Primates	Hominidae	Homo	Homo sapiens
E250118428L1C036R00804826755|Cx:i:11524|Cy:i:10039|2F46200800753|62053	9823	Metazoa	Chordata	Mammalia	Artiodactyla	Suidae	Sus	Sus scrofa
E250118428L1C037R01000632485|Cx:i:17119|Cy:i:5493|4B74F0EC23CC|49303	81572	Metazoa	Chordata	Mammalia	Primates	Hylobatidae	Hylobates	Hylobates moloch
E250118428L1C037R03702437227|Cx:i:6170|Cy:i:11812|E8239AB7A124|5F3F1	9823	Metazoa	Chordata	Mammalia	Artiodactyla	Suidae	Sus	Sus scrofa
E250118428L1C038R00501245998|Cx:i:5180|Cy:i:8505|1C740560A3A85|6CCD2	9544	Metazoa	Chordata	Mammalia	Primates	Cercopithecidae	Macaca	Macaca mulatta
E250118428L1C038R00903814004|Cx:i:16491|Cy:i:8004|1022E0C400728|7BF0E	9544	Metazoa	Chordata	Mammalia	Primates	Cercopithecidae	Macaca	Macaca mulatta
E250118428L1C038R02303439412|Cx:i:17372|Cy:i:4745|11DDE55838088|4FF45	9796	Metazoa	Chordata	Mammalia	Perissodactyla	Equidae	Equus	Equus caballus
E250118428L1C039R00500827142|Cx:i:5570|Cy:i:18958|15201004556CD|659EF	9606	Metazoa	Chordata	Mammalia	Primates	Hominidae	Homo	Homo sapiens
E250118428L1C040R02303830161|Cx:i:11205|Cy:i:20320|A38E00EF6A7F|2A5FD	9541	Metazoa	Chordata	Mammalia	Primates	Cercopithecidae	Macaca	Macaca fascicularis
E250118428L1C041R01402270013|Cx:i:9042|Cy:i:15827|EDD5ABFDFE0D|6E82D	9544	Metazoa	Chordata	Mammalia	Primates	Cercopithecidae	Macaca	Macaca mulatta
E250118428L1C042R03602912513|Cx:i:6709|Cy:i:17856|22A6871224404|E07A9	9606	Metazoa	Chordata	Mammalia	Primates	Hominidae	Homo	Homo sapiens
E250118428L1C042R04104679063|Cx:i:12238|Cy:i:12858|9D42C7A9E0CB|C0F04	136180	Metazoa	Arthropoda	Copepoda	Calanoida	Acartiidae	Acartia	Acartia tonsa
E250118428L1C001R02603359923|Cx:i:9887|Cy:i:12025|1143E384B204E|D9D86	9823	Metazoa	Chordata	Mammalia	Artiodactyla	Suidae	Sus	Sus scrofa
E250118428L1C001R03101751217|Cx:i:19073|Cy:i:9595|4194F20D12C|96ADE	9823	Metazoa	Chordata	Mammalia	Artiodactyla	Suidae	Sus	Sus scrofa
E250118428L1C002R00400350013|Cx:i:9796|Cy:i:15508|29A74024061C2|7D088	9544	Metazoa	Chordata	Mammalia	Primates	Cercopithecidae	Macaca	Macaca mulatta
E250118428L1C002R00803122534|Cx:i:13946|Cy:i:14796|105EBD2B55884|A4786	9606	Metazoa	Chordata	Mammalia	Primates	Hominidae	Homo	Homo sapiens
E250118428L1C002R01802374114|Cx:i:8080|Cy:i:20359|B3EF62737009|79B86	9531	Metazoa	Chordata	Mammalia	Primates	Cercopithecidae	Cercocebus	Cercocebus atys
E250118428L1C002R04004595025|Cx:i:10951|Cy:i:9139|2918B3C540449|488CD	9823	Metazoa	Chordata	Mammalia	Artiodactyla	Suidae	Sus	Sus scrofa
E250118428L1C004R01102126896|Cx:i:2365|Cy:i:9247|8A04480010A5|9C312	9606	Metazoa	Chordata	Mammalia	Primates	Hominidae	Homo	Homo sapiens
E250118428L1C005R00800385121|Cx:i:11372|Cy:i:8802|31155EF85441A|5ECC1	9823	Metazoa	Chordata	Mammalia	Artiodactyla	Suidae	Sus	Sus scrofa
E250118428L1C005R00801011510|Cx:i:15176|Cy:i:15888|2F989018348D|DFF11	257877	Metazoa	Chordata	Mammalia	Primates	Cercopithecidae	Macaca	Macaca thibetana
E250118428L1C005R03200320806|Cx:i:17634|Cy:i:10321|5651F88EDA72|67E51	9823	Metazoa	Chordata	Mammalia	Artiodactyla	Suidae	Sus	Sus scrofa
E250118428L1C005R03602237494|Cx:i:17804|Cy:i:7304|329D05E416916|741EE	9823	Metazoa	Chordata	Mammalia	Artiodactyla	Suidae	Sus	Sus scrofa
E250118428L1C006R01604991901|Cx:i:15118|Cy:i:11838|5F772A15E5AD|67A81	9544	Metazoa	Chordata	Mammalia	Primates	Cercopithecidae	Macaca	Macaca mulatta
E250118428L1C006R02300127539|Cx:i:14101|Cy:i:13392|222141414615|C1155	9823	Metazoa	Chordata	Mammalia	Artiodactyla	Suidae	Sus	Sus scrofa
E250118428L1C006R03401940419|Cx:i:18034|Cy:i:13580|158154109D437|58E2D	9771	Metazoa	Chordata	Mammalia	Artiodactyla	Balaenopteridae	Balaenoptera	Balaenoptera musculus
E250118428L1C007R00301951184|Cx:i:16903|Cy:i:10643|151D874801285|67631	9598	Metazoa	Chordata	Mammalia	Primates	Hominidae	Pan	Pan troglodytes
E250118428L1C007R01204784461|Cx:i:4302|Cy:i:19954|1490441CA0119|D587	9823	Metazoa	Chordata	Mammalia	Artiodactyla	Suidae	Sus	Sus scrofa
E250118428L1C007R02204914158|Cx:i:9420|Cy:i:15485|26B063B1C0545|D9B4E	9544	Metazoa	Chordata	Mammalia	Primates	Cercopithecidae	Macaca	Macaca mulatta
E250118428L1C008R02004318105|Cx:i:6781|Cy:i:3267|148CF013CF75D|68552	9823	Metazoa	Chordata	Mammalia	Artiodactyla	Suidae	Sus	Sus scrofa
E250118428L1C008R03001143497|Cx:i:13680|Cy:i:14944|39EB194541ED4|D49D7	9606	Metazoa	Chordata	Mammalia	Primates	Hominidae	Homo	Homo sapiens
E250118428L1C010R00200890637|Cx:i:8512|Cy:i:19928|1BA59E95942DD|A5D61	9544	Metazoa	Chordata	Mammalia	Primates	Cercopithecidae	Macaca	Macaca mulatta
E250118428L1C011R03901419252|Cx:i:3911|Cy:i:9645|124D461410297|64081	10116	Metazoa	Chordata	Mammalia	Rodentia	Muridae	Rattus	Rattus norvegicus
E250118428L1C012R01302941819|Cx:i:9085|Cy:i:20449|13230072A2135|FFFFF	257877	Metazoa	Chordata	Mammalia	Primates	Cercopithecidae	Macaca	Macaca thibetana
E250118428L1C015R00101762638|Cx:i:20144|Cy:i:3491|C529495A272F|9382C	9823	Metazoa	Chordata	Mammalia	Artiodactyla	Suidae	Sus	Sus scrofa
E250118428L1C015R00701862058|Cx:i:17054|Cy:i:7625|8DE2E4053344|67ED7	9545	Metazoa	Chordata	Mammalia	Primates	Cercopithecidae	Macaca	Macaca nemestrina
E250118428L1C016R01804905377|Cx:i:14937|Cy:i:13252|1A43479404235|64797	9531	Metazoa	Chordata	Mammalia	Primates	Cercopithecidae	Cercocebus	Cercocebus atys
E250118428L1C017R02501926982|Cx:i:17111|Cy:i:9923|1D815EDC9B501|47FB0	9606	Metazoa	Chordata	Mammalia	Primates	Hominidae	Homo	Homo sapiens
E250118428L1C019R00702963057|Cx:i:11739|Cy:i:11112|3B65BCCB23858|49FCC	9823	Metazoa	Chordata	Mammalia	Artiodactyla	Suidae	Sus	Sus scrofa
E250118428L1C020R01201910097|Cx:i:17901|Cy:i:5756|1B39641284100|73AC4	111789	unknown	unknown	unknown	unknown	unknown	unknown	eukaryotic synthetic construct
E250118428L1C020R01702240594|Cx:i:11617|Cy:i:10793|45EA4D55389D|D2379	9606	Metazoa	Chordata	Mammalia	Primates	Hominidae	Homo	Homo sapiens
E250118428L1C021R02800505753|Cx:i:16986|Cy:i:4216|1584E5C5E709|771EA	9606	Metazoa	Chordata	Mammalia	Primates	Hominidae	Homo	Homo sapiens
E250118428L1C022R01202929969|Cx:i:15955|Cy:i:4033|5B0206582E90|9C328	41426	Metazoa	Chordata	Mammalia	Artiodactyla	Suidae	Phacochoerus	Phacochoerus africanus
E250118428L1C022R03502814857|Cx:i:14547|Cy:i:15681|1401554C74D42|4D9D1	9823	Metazoa	Chordata	Mammalia	Artiodactyla	Suidae	Sus	Sus scrofa
E250118428L1C024R02704577506|Cx:i:15427|Cy:i:4879|187DEEA3A7A0C|4188A	9541	Metazoa	Chordata	Mammalia	Primates	Cercopithecidae	Macaca	Macaca fascicularis
E250118428L1C024R02800263727|Cx:i:13130|Cy:i:14744|343F7ECEC3CA2|99B14	9606	Metazoa	Chordata	Mammalia	Primates	Hominidae	Homo	Homo sapiens
E250118428L1C024R03701935520|Cx:i:14206|Cy:i:14173|1187501C19D11|660BE	6511	Metazoa	Mollusca	Gastropoda	Aplysiida	Aplysiidae	Dolabella	Dolabella auricularia
E250118428L1C025R01801485240|Cx:i:20483|Cy:i:17440|664064050C24|A5317	9823	Metazoa	Chordata	Mammalia	Artiodactyla	Suidae	Sus	Sus scrofa
E250118428L1C026R04104380522|Cx:i:3728|Cy:i:7983|17B7880D32D51|F544B	263819	Pseudomonadati	Pseudomonadota	Gammaproteobacteria	Enterobacterales	Yersiniaceae	Yersinia	Yersinia aleksiciae
E250118428L1C027R02001268063|Cx:i:3343|Cy:i:9665|D216F23BC603|67E97	9606	Metazoa	Chordata	Mammalia	Primates	Hominidae	Homo	Homo sapiens
E250118428L1C029R03102599979|Cx:i:7474|Cy:i:10294|12A8024027381|91D4C	41426	Metazoa	Chordata	Mammalia	Artiodactyla	Suidae	Phacochoerus	Phacochoerus africanus
E250118428L1C030R00704856521|Cx:i:6673|Cy:i:18037|5495D510228E|395C5	61622	Metazoa	Chordata	Mammalia	Primates	Cercopithecidae	Rhinopithecus	Rhinopithecus roxellana
E250118428L1C030R01700493089|Cx:i:7959|Cy:i:16547|302E493C9255C|7F955	9545	Metazoa	Chordata	Mammalia	Primates	Cercopithecidae	Macaca	Macaca nemestrina
E250118428L1C030R02503792876|Cx:i:15694|Cy:i:17547|2F70B93929D9C|5B3C2	9606	Metazoa	Chordata	Mammalia	Primates	Hominidae	Homo	Homo sapiens
E250118428L1C030R03004277144|Cx:i:18040|Cy:i:6872|59452A523533|57414	9601	Metazoa	Chordata	Mammalia	Primates	Hominidae	Pongo	Pongo abelii
E250118428L1C031R01303943470|Cx:i:18218|Cy:i:7874|290A4844A507C|75836	9606	Metazoa	Chordata	Mammalia	Primates	Hominidae	Homo	Homo sapiens
E250118428L1C032R01202826385|Cx:i:8443|Cy:i:2233|1E25102C42FA1|48C5C	9544	Metazoa	Chordata	Mammalia	Primates	Cercopithecidae	Macaca	Macaca mulatta
E250118428L1C036R04104667783|Cx:i:16832|Cy:i:8835|5C9DA4F43942|D1DF9	9555	Metazoa	Chordata	Mammalia	Primates	Cercopithecidae	Papio	Papio anubis
E250118428L1C038R01301013776|Cx:i:8482|Cy:i:2888|60304E495B7D|EBD23	41426	Metazoa	Chordata	Mammalia	Artiodactyla	Suidae	Phacochoerus	Phacochoerus africanus
E250118428L1C038R03202321388|Cx:i:12254|Cy:i:14849|17558C7200835|77474	9823	Metazoa	Chordata	Mammalia	Artiodactyla	Suidae	Sus	Sus scrofa
E250118428L1C039R01100560165|Cx:i:6409|Cy:i:5410|20B0573C142C0|86EE9	41426	Metazoa	Chordata	Mammalia	Artiodactyla	Suidae	Phacochoerus	Phacochoerus africanus
E250118428L1C040R02300774375|Cx:i:14213|Cy:i:14263|17C96CD48293D|F4FB2	9823	Metazoa	Chordata	Mammalia	Artiodactyla	Suidae	Sus	Sus scrofa
E250118428L1C041R03202464043|Cx:i:16407|Cy:i:6357|1811419344A07|61417	9541	Metazoa	Chordata	Mammalia	Primates	Cercopithecidae	Macaca	Macaca fascicularis
E250118428L1C042R01503227107|Cx:i:15775|Cy:i:3711|29685099D5B91|7B751	61622	Metazoa	Chordata	Mammalia	Primates	Cercopithecidae	Rhinopithecus	Rhinopithecus roxellana
E250118428L1C042R03803821699|Cx:i:17572|Cy:i:9294|3E814C860828|6FC9F	9606	Metazoa	Chordata	Mammalia	Primates	Hominidae	Homo	Homo sapiens
E250118428L1C001R03604592050|Cx:i:16138|Cy:i:13578|148345C185210|7F57B	9544	Metazoa	Chordata	Mammalia	Primates	Cercopithecidae	Macaca	Macaca mulatta
E250118428L1C005R03904658966|Cx:i:13999|Cy:i:14894|55A59D5E2C01|F276D	9544	Metazoa	Chordata	Mammalia	Primates	Cercopithecidae	Macaca	Macaca mulatta
E250118428L1C008R01902433431|Cx:i:21728|Cy:i:7425|1097B13C73327|71AA8	9823	Metazoa	Chordata	Mammalia	Artiodactyla	Suidae	Sus	Sus scrofa
E250118428L1C008R02804613461|Cx:i:15411|Cy:i:14105|A523F03E80DF|FB202	9606	Metazoa	Chordata	Mammalia	Primates	Hominidae	Homo	Homo sapiens
E250118428L1C008R02900076721|Cx:i:11329|Cy:i:14275|178A55479E595|545FC	9544	Metazoa	Chordata	Mammalia	Primates	Cercopithecidae	Macaca	Macaca mulatta
E250118428L1C008R03802379689|Cx:i:6379|Cy:i:18127|83C1D800FCC|67E8D	9545	Metazoa	Chordata	Mammalia	Primates	Cercopithecidae	Macaca	Macaca nemestrina
E250118428L1C009R03303429490|Cx:i:12924|Cy:i:14838|B5115E88351F|80163	9590	Metazoa	Chordata	Mammalia	Primates	Hylobatidae	Symphalangus	Symphalangus syndactylus
E250118428L1C010R00602453724|Cx:i:18841|Cy:i:12092|B74B67F05F34|67E33	9541	Metazoa	Chordata	Mammalia	Primates	Cercopithecidae	Macaca	Macaca fascicularis
E250118428L1C011R02604618958|Cx:i:15773|Cy:i:8986|456787ADDB17|67E3B	9544	Metazoa	Chordata	Mammalia	Primates	Cercopithecidae	Macaca	Macaca mulatta
E250118428L1C012R04103191180|Cx:i:16859|Cy:i:9229|2D946F0F5D464|8B875	9544	Metazoa	Chordata	Mammalia	Primates	Cercopithecidae	Macaca	Macaca mulatta
E250118428L1C014R01104438842|Cx:i:11885|Cy:i:12530|12FD854D320EE|595F9	9823	Metazoa	Chordata	Mammalia	Artiodactyla	Suidae	Sus	Sus scrofa
E250118428L1C014R02102916367|Cx:i:9224|Cy:i:15663|141E01124154E|45E6C	9544	Metazoa	Chordata	Mammalia	Primates	Cercopithecidae	Macaca	Macaca mulatta
E250118428L1C015R03204312579|Cx:i:9577|Cy:i:19697|2D4E04D441235|64D0D	9541	Metazoa	Chordata	Mammalia	Primates	Cercopithecidae	Macaca	Macaca fascicularis
E250118428L1C017R02701841289|Cx:i:13981|Cy:i:17878|129EB479E8349|DB133	9823	Metazoa	Chordata	Mammalia	Artiodactyla	Suidae	Sus	Sus scrofa
E250118428L1C018R00504907118|Cx:i:5507|Cy:i:18398|1C557F3BE2010|6C459	9823	Metazoa	Chordata	Mammalia	Artiodactyla	Suidae	Sus	Sus scrofa
E250118428L1C020R00304279589|Cx:i:16734|Cy:i:10781|BD5CA7983221|73FF2	9606	Metazoa	Chordata	Mammalia	Primates	Hominidae	Homo	Homo sapiens
E250118428L1C020R01302318689|Cx:i:10314|Cy:i:18967|E00119306D5|21252	9606	Metazoa	Chordata	Mammalia	Primates	Hominidae	Homo	Homo sapiens
E250118428L1C021R01504380531|Cx:i:10974|Cy:i:15249|60783494298|72EC0	9545	Metazoa	Chordata	Mammalia	Primates	Cercopithecidae	Macaca	Macaca nemestrina
E250118428L1C021R03101324685|Cx:i:16655|Cy:i:11840|467390979895|5A611	9544	Metazoa	Chordata	Mammalia	Primates	Cercopithecidae	Macaca	Macaca mulatta
E250118428L1C024R01001569346|Cx:i:8309|Cy:i:19674|25777744C5016|69A1D	9544	Metazoa	Chordata	Mammalia	Primates	Cercopithecidae	Macaca	Macaca mulatta
E250118428L1C024R03002652759|Cx:i:10340|Cy:i:15566|9314B688E30|461AA	9606	Metazoa	Chordata	Mammalia	Primates	Hominidae	Homo	Homo sapiens
E250118428L1C024R04001263311|Cx:i:4265|Cy:i:2723|A3FBA7CA4AC8|67EDF	667116	Metazoa	Chordata	Chondrichthyes	Rajiformes	Arhynchobatidae	Rhinoraja	Rhinoraja longicauda
E250118428L1C025R02004040504|Cx:i:19745|Cy:i:21620|281BCD711A232|54902	9544	Metazoa	Chordata	Mammalia	Primates	Cercopithecidae	Macaca	Macaca mulatta
E250118428L1C026R04101607715|Cx:i:17035|Cy:i:10983|132CDF61B2845|59E01	61853	Metazoa	Chordata	Mammalia	Primates	Hylobatidae	Nomascus	Nomascus leucogenys
E250118428L1C028R00102169075|Cx:i:16874|Cy:i:10305|1915AFA9592B5|50E17	9606	Metazoa	Chordata	Mammalia	Primates	Hominidae	Homo	Homo sapiens
E250118428L1C032R02200587711|Cx:i:13560|Cy:i:15381|2E2410A014205|300C5	2774693	Bacillati	Bacillota	Bacilli	Lactobacillales	Enterococcaceae	Enterococcus	Enterococcus sp. AZ089
E250118428L1C035R01002504013|Cx:i:16699|Cy:i:7560|1C25D9590039E|5A0F9	9545	Metazoa	Chordata	Mammalia	Primates	Cercopithecidae	Macaca	Macaca nemestrina
E250118428L1C035R01601127072|Cx:i:15180|Cy:i:4532|1D0748C0722B6|B4C43	9541	Metazoa	Chordata	Mammalia	Primates	Cercopithecidae	Macaca	Macaca fascicularis
E250118428L1C036R01203673410|Cx:i:14761|Cy:i:14339|35CEC89CA085F|C2298	9541	Metazoa	Chordata	Mammalia	Primates	Cercopithecidae	Macaca	Macaca fascicularis
E250118428L1C036R03701623635|Cx:i:14826|Cy:i:10746|3111B07B3A364|DDFEF	9823	Metazoa	Chordata	Mammalia	Artiodactyla	Suidae	Sus	Sus scrofa
E250118428L1C039R02003185324|Cx:i:12692|Cy:i:15412|141A159753210|28176	302049	Metazoa	Chordata	Chondrichthyes	Carcharhiniformes	Carcharhinidae	Carcharhinus	Carcharhinus longimanus
E250118428L1C041R02201180473|Cx:i:13908|Cy:i:16134|AF55F14D411D|42FE4	9544	Metazoa	Chordata	Mammalia	Primates	Cercopithecidae	Macaca	Macaca mulatta
E250118428L1C001R01500599011|Cx:i:10310|Cy:i:20644|2054ED91F03CC|92035	9606	Metazoa	Chordata	Mammalia	Primates	Hominidae	Homo	Homo sapiens
E250118428L1C001R04001482932|Cx:i:17901|Cy:i:13080|3F72A5B05225|F5C60	9568	Metazoa	Chordata	Mammalia	Primates	Cercopithecidae	Mandrillus	Mandrillus leucophaeus
E250118428L1C002R02800611826|Cx:i:15199|Cy:i:14432|1A1C4D0340385|4BB01	9593	Metazoa	Chordata	Mammalia	Primates	Hominidae	Gorilla	Gorilla gorilla
E250118428L1C002R03804269265|Cx:i:3918|Cy:i:21027|397C742B49C09|E5253	9823	Metazoa	Chordata	Mammalia	Artiodactyla	Suidae	Sus	Sus scrofa
E250118428L1C004R00204593432|Cx:i:14143|Cy:i:15093|D0AC01840C2C|713B2	9541	Metazoa	Chordata	Mammalia	Primates	Cercopithecidae	Macaca	Macaca fascicularis
E250118428L1C004R03904294864|Cx:i:10664|Cy:i:18962|1CD2306304224|65741	9606	Metazoa	Chordata	Mammalia	Primates	Hominidae	Homo	Homo sapiens
E250118428L1C008R03402815456|Cx:i:3212|Cy:i:20895|D4CE410006A3|7878D	9544	Metazoa	Chordata	Mammalia	Primates	Cercopithecidae	Macaca	Macaca mulatta
E250118428L1C009R03501231303|Cx:i:6225|Cy:i:19617|C82771004D8D|9B7C3	257877	Metazoa	Chordata	Mammalia	Primates	Cercopithecidae	Macaca	Macaca thibetana
E250118428L1C011R03003136687|Cx:i:3990|Cy:i:20397|35F7AE5D56107|3640A	9541	Metazoa	Chordata	Mammalia	Primates	Cercopithecidae	Macaca	Macaca fascicularis
E250118428L1C015R03501224248|Cx:i:8308|Cy:i:20824|1D315525DDD7|9F08E	9823	Metazoa	Chordata	Mammalia	Artiodactyla	Suidae	Sus	Sus scrofa
E250118428L1C016R02203829403|Cx:i:13269|Cy:i:6251|1870E73B51CA1|67E52	9823	Metazoa	Chordata	Mammalia	Artiodactyla	Suidae	Sus	Sus scrofa
E250118428L1C018R02402349634|Cx:i:8240|Cy:i:17885|8B49544AC75E|67E97	9544	Metazoa	Chordata	Mammalia	Primates	Cercopithecidae	Macaca	Macaca mulatta
E250118428L1C018R02904989323|Cx:i:7481|Cy:i:8932|2C8896F017700|1F079	9823	Metazoa	Chordata	Mammalia	Artiodactyla	Suidae	Sus	Sus scrofa
E250118428L1C018R04003125192|Cx:i:6043|Cy:i:17833|1586190970553|7CF74	9823	Metazoa	Chordata	Mammalia	Artiodactyla	Suidae	Sus	Sus scrofa
E250118428L1C019R01703135303|Cx:i:8929|Cy:i:7215|32C86141A0914|9590C	9823	Metazoa	Chordata	Mammalia	Artiodactyla	Suidae	Sus	Sus scrofa
E250118428L1C019R02601830186|Cx:i:4939|Cy:i:10855|5A14D220D0A|7D7FE	9823	Metazoa	Chordata	Mammalia	Artiodactyla	Suidae	Sus	Sus scrofa
E250118428L1C019R03902852283|Cx:i:11731|Cy:i:17795|2037240006105|9CDD8	34038	Pseudomonadati	Pseudomonadota	Gammaproteobacteria	Enterobacterales	Yersiniaceae	Rahnella	Rahnella aquatilis
E250118428L1C021R02404727421|Cx:i:8183|Cy:i:16610|11418582918B8|7F270	9544	Metazoa	Chordata	Mammalia	Primates	Cercopithecidae	Macaca	Macaca mulatta
E250118428L1C023R03501155331|Cx:i:13319|Cy:i:13957|24308A2435E40|640F9	9606	Metazoa	Chordata	Mammalia	Primates	Hominidae	Homo	Homo sapiens
E250118428L1C024R00201865426|Cx:i:8711|Cy:i:20441|24064505C41E5|6E179	9545	Metazoa	Chordata	Mammalia	Primates	Cercopithecidae	Macaca	Macaca nemestrina
E250118428L1C024R03001155321|Cx:i:8859|Cy:i:21400|146024F8CE24B|67E5D	9606	Metazoa	Chordata	Mammalia	Primates	Hominidae	Homo	Homo sapiens
E250118428L1C025R00202852430|Cx:i:15581|Cy:i:13780|35870CC9F30D4|7AE1A	9606	Metazoa	Chordata	Mammalia	Primates	Hominidae	Homo	Homo sapiens
E250118428L1C029R03901310869|Cx:i:8865|Cy:i:18055|C5023AB9CC80|50745	41426	Metazoa	Chordata	Mammalia	Artiodactyla	Suidae	Phacochoerus	Phacochoerus africanus
E250118428L1C030R01101198920|Cx:i:11142|Cy:i:12620|1DF8B133A6280|5CDCD	9606	Metazoa	Chordata	Mammalia	Primates	Hominidae	Homo	Homo sapiens
E250118428L1C032R00700494083|Cx:i:9218|Cy:i:10556|83B97A772843|7F716	9545	Metazoa	Chordata	Mammalia	Primates	Cercopithecidae	Macaca	Macaca nemestrina
E250118428L1C032R01101413477|Cx:i:17779|Cy:i:6388|20CA2CC138230|D0D31	9606	Metazoa	Chordata	Mammalia	Primates	Hominidae	Homo	Homo sapiens
E250118428L1C033R02004016121|Cx:i:10801|Cy:i:16729|90E8CE78BD0A|7001D	9691	Metazoa	Chordata	Mammalia	Carnivora	Felidae	Panthera	Panthera pardus
E250118428L1C033R04101416550|Cx:i:11166|Cy:i:20505|6505A4A98F42|257E0	9606	Metazoa	Chordata	Mammalia	Primates	Hominidae	Homo	Homo sapiens
E250118428L1C034R03303214392|Cx:i:10255|Cy:i:20815|14D8C0CB82B05|FEBFE	9823	Metazoa	Chordata	Mammalia	Artiodactyla	Suidae	Sus	Sus scrofa
E250118428L1C034R03902788936|Cx:i:8839|Cy:i:19761|3CC37AA4B4950|7EE81	9544	Metazoa	Chordata	Mammalia	Primates	Cercopithecidae	Macaca	Macaca mulatta
E250118428L1C036R03001215773|Cx:i:14085|Cy:i:14840|2D51D439801C4|37815	257877	Metazoa	Chordata	Mammalia	Primates	Cercopithecidae	Macaca	Macaca thibetana
E250118428L1C037R03600734492|Cx:i:10803|Cy:i:17493|3C477D10F0C03|64B0B	9598	Metazoa	Chordata	Mammalia	Primates	Hominidae	Pan	Pan troglodytes
E250118428L1C037R04004735748|Cx:i:17674|Cy:i:14092|3CD49F720E571|9A9C4	9606	Metazoa	Chordata	Mammalia	Primates	Hominidae	Homo	Homo sapiens
E250118428L1C039R01000431371|Cx:i:3207|Cy:i:17805|3EA4B65805695|5FEEC	9823	Metazoa	Chordata	Mammalia	Artiodactyla	Suidae	Sus	Sus scrofa
E250118428L1C039R03900364984|Cx:i:13976|Cy:i:17124|B154B098507D|46F2D	9541	Metazoa	Chordata	Mammalia	Primates	Cercopithecidae	Macaca	Macaca fascicularis
E250118428L1C041R01300779215|Cx:i:7616|Cy:i:16161|57150817562C|5713F	9544	Metazoa	Chordata	Mammalia	Primates	Cercopithecidae	Macaca	Macaca mulatta
E250118428L1C042R00102218169|Cx:i:16590|Cy:i:9832|35D1F57175040|5C9CA	9606	Metazoa	Chordata	Mammalia	Primates	Hominidae	Homo	Homo sapiens
E250118428L1C001R02604940094|Cx:i:10389|Cy:i:18267|3616594D21E32|F57CB	9823	Metazoa	Chordata	Mammalia	Artiodactyla	Suidae	Sus	Sus scrofa
E250118428L1C002R03603662408|Cx:i:14355|Cy:i:14634|1384033D3A883|63CF6	336983	Metazoa	Chordata	Mammalia	Primates	Cercopithecidae	Colobus	Colobus angolensis
E250118428L1C003R02004075953|Cx:i:3966|Cy:i:10135|241429C1D0C70|B2200	9823	Metazoa	Chordata	Mammalia	Artiodactyla	Suidae	Sus	Sus scrofa
E250118428L1C003R03700144642|Cx:i:12815|Cy:i:14998|258280C04B12|41DC7	6511	Metazoa	Mollusca	Gastropoda	Aplysiida	Aplysiidae	Dolabella	Dolabella auricularia
E250118428L1C004R02001424929|Cx:i:14245|Cy:i:3510|100A60460006|4A946	9545	Metazoa	Chordata	Mammalia	Primates	Cercopithecidae	Macaca	Macaca nemestrina
E250118428L1C004R02801820853|Cx:i:14904|Cy:i:14421|18C6EC8E35F00|56881	60711	Metazoa	Chordata	Mammalia	Primates	Cercopithecidae	Chlorocebus	Chlorocebus sabaeus
E250118428L1C004R03301213553|Cx:i:4175|Cy:i:20444|AF3F454ACABE|7977C	9606	Metazoa	Chordata	Mammalia	Primates	Hominidae	Homo	Homo sapiens
E250118428L1C005R03701788696|Cx:i:6987|Cy:i:8626|2956263650E75|84E5D	9823	Metazoa	Chordata	Mammalia	Artiodactyla	Suidae	Sus	Sus scrofa
E250118428L1C006R02000036138|Cx:i:7006|Cy:i:17604|2205DC3A425A5|997CF	9606	Metazoa	Chordata	Mammalia	Primates	Hominidae	Homo	Homo sapiens
E250118428L1C007R03103502760|Cx:i:19478|Cy:i:6950|B4ECB38B2375|456D5	9544	Metazoa	Chordata	Mammalia	Primates	Cercopithecidae	Macaca	Macaca mulatta
E250118428L1C008R00900624914|Cx:i:16266|Cy:i:18314|207BE6F603EE9|70D57	9541	Metazoa	Chordata	Mammalia	Primates	Cercopithecidae	Macaca	Macaca fascicularis
E250118428L1C008R01803680277|Cx:i:9285|Cy:i:9554|3E5895C4541E9|6E49A	9823	Metazoa	Chordata	Mammalia	Artiodactyla	Suidae	Sus	Sus scrofa
E250118428L1C008R02604744364|Cx:i:8781|Cy:i:15987|32824CB6224CB|62D75	9534	Metazoa	Chordata	Mammalia	Primates	Cercopithecidae	Chlorocebus	Chlorocebus aethiops
E250118428L1C009R00301534254|Cx:i:8214|Cy:i:15121|651401254402|51B	9823	Metazoa	Chordata	Mammalia	Artiodactyla	Suidae	Sus	Sus scrofa
E250118428L1C009R00302478854|Cx:i:14990|Cy:i:4044|9E4CEC1611FC|67CBD	60711	Metazoa	Chordata	Mammalia	Primates	Cercopithecidae	Chlorocebus	Chlorocebus sabaeus
E250118428L1C009R02002237423|Cx:i:20954|Cy:i:3923|2465502B75939|98FCF	9544	Metazoa	Chordata	Mammalia	Primates	Cercopithecidae	Macaca	Macaca mulatta
E250118428L1C010R03701745826|Cx:i:5482|Cy:i:19603|598642A4CB74|68004	9541	Metazoa	Chordata	Mammalia	Primates	Cercopithecidae	Macaca	Macaca fascicularis
E250118428L1C010R03702008526|Cx:i:20394|Cy:i:8556|4B4CA256101F|D710B	9823	Metazoa	Chordata	Mammalia	Artiodactyla	Suidae	Sus	Sus scrofa
E250118428L1C013R01003310977|Cx:i:9470|Cy:i:15611|68D4204462A1|67E7D	9606	Metazoa	Chordata	Mammalia	Primates	Hominidae	Homo	Homo sapiens
E250118428L1C013R01603224973|Cx:i:10247|Cy:i:18723|38853DD9AC00|67E89	9545	Metazoa	Chordata	Mammalia	Primates	Cercopithecidae	Macaca	Macaca nemestrina
E250118428L1C015R01600381306|Cx:i:15570|Cy:i:12536|1446F068100C3|4F63E	9598	Metazoa	Chordata	Mammalia	Primates	Hominidae	Pan	Pan troglodytes
E250118428L1C016R02604236558|Cx:i:6970|Cy:i:9217|25B7E8D00AE8F|5CA67	9606	Metazoa	Chordata	Mammalia	Primates	Hominidae	Homo	Homo sapiens
E250118428L1C016R04101567507|Cx:i:7688|Cy:i:18860|545C0C62F72D|6BF06	9545	Metazoa	Chordata	Mammalia	Primates	Cercopithecidae	Macaca	Macaca nemestrina
E250118428L1C019R02101649475|Cx:i:2556|Cy:i:14522|1514721455190|9052D	1734925	Bacillati	Actinomycetota	Actinomycetes	Propionibacteriales	Propionibacteriaceae	Cutibacterium	Cutibacterium acnes
E250118428L1C019R03501077996|Cx:i:11946|Cy:i:16188|369F856532A80|752F0	9598	Metazoa	Chordata	Mammalia	Primates	Hominidae	Pan	Pan troglodytes
E250118428L1C021R02303418542|Cx:i:16486|Cy:i:19581|15A3502370D64|7CF57	1859967	Fungi	Ascomycota	Sordariomycetes	Hypocreales	Stachybotryaceae	Paramyrothecium	Paramyrothecium foliicola
E250118428L1C022R01302880368|Cx:i:10065|Cy:i:15307|254D170735524|7CCDC	9555	Metazoa	Chordata	Mammalia	Primates	Cercopithecidae	Papio	Papio anubis
E250118428L1C022R01903030383|Cx:i:8138|Cy:i:6892|234B200D99090|4C0E4	9531	Metazoa	Chordata	Mammalia	Primates	Cercopithecidae	Cercocebus	Cercocebus atys
E250118428L1C023R01000676696|Cx:i:16494|Cy:i:12048|39DC49FDC2078|6B1DC	257877	Metazoa	Chordata	Mammalia	Primates	Cercopithecidae	Macaca	Macaca thibetana
E250118428L1C025R01602620243|Cx:i:3857|Cy:i:5413|105553597A463|67E97	257877	Metazoa	Chordata	Mammalia	Primates	Cercopithecidae	Macaca	Macaca thibetana
E250118428L1C026R00102358197|Cx:i:12592|Cy:i:16159|170C361030237|FA9E3	9544	Metazoa	Chordata	Mammalia	Primates	Cercopithecidae	Macaca	Macaca mulatta
E250118428L1C026R01504047577|Cx:i:16059|Cy:i:13671|2F82084721EBB|DDC41	9545	Metazoa	Chordata	Mammalia	Primates	Cercopithecidae	Macaca	Macaca nemestrina
E250118428L1C027R01301509289|Cx:i:16165|Cy:i:12832|30C36000081D|67E0C	9545	Metazoa	Chordata	Mammalia	Primates	Cercopithecidae	Macaca	Macaca nemestrina
E250118428L1C027R04103778872|Cx:i:3928|Cy:i:13713|C400C02808C3|67E97	9541	Metazoa	Chordata	Mammalia	Primates	Cercopithecidae	Macaca	Macaca fascicularis
E250118428L1C028R02902315676|Cx:i:9681|Cy:i:9747|95B834390C01|487C5	9544	Metazoa	Chordata	Mammalia	Primates	Cercopithecidae	Macaca	Macaca mulatta
E250118428L1C029R03504481051|Cx:i:14995|Cy:i:14206|305EA8105428F|C11C0	9541	Metazoa	Chordata	Mammalia	Primates	Cercopithecidae	Macaca	Macaca fascicularis
E250118428L1C030R00804623525|Cx:i:4872|Cy:i:6967|3864B24305AE1|C11A6	9823	Metazoa	Chordata	Mammalia	Artiodactyla	Suidae	Sus	Sus scrofa
E250118428L1C030R02901806886|Cx:i:7969|Cy:i:17257|13551051516CD|9EA50	9544	Metazoa	Chordata	Mammalia	Primates	Cercopithecidae	Macaca	Macaca mulatta
E250118428L1C030R03401006713|Cx:i:7506|Cy:i:16945|14E5053247426|81EBD	9545	Metazoa	Chordata	Mammalia	Primates	Cercopithecidae	Macaca	Macaca nemestrina
E250118428L1C032R00501436441|Cx:i:5460|Cy:i:2627|2D52EBB0FE1BB|3C299	9825	Metazoa	Chordata	Mammalia	Artiodactyla	Suidae	Sus	Sus scrofa
E250118428L1C033R00903584135|Cx:i:12022|Cy:i:15090|E8E4ECAA20F|64255	9545	Metazoa	Chordata	Mammalia	Primates	Cercopithecidae	Macaca	Macaca nemestrina
E250118428L1C033R03901619457|Cx:i:5986|Cy:i:4715|2F85BB9D20A0B|64BF8	9544	Metazoa	Chordata	Mammalia	Primates	Cercopithecidae	Macaca	Macaca mulatta
E250118428L1C035R00704178910|Cx:i:13944|Cy:i:8102|3B28045525A6C|67E97	9555	Metazoa	Chordata	Mammalia	Primates	Cercopithecidae	Papio	Papio anubis
E250118428L1C035R01200906376|Cx:i:10302|Cy:i:20650|D3E896B2801|7AE7E	9606	Metazoa	Chordata	Mammalia	Primates	Hominidae	Homo	Homo sapiens
E250118428L1C035R02202679204|Cx:i:16235|Cy:i:12242|1DCF04D77D54C|D7555	9606	Metazoa	Chordata	Mammalia	Primates	Hominidae	Homo	Homo sapiens
E250118428L1C035R03200926451|Cx:i:6545|Cy:i:18068|95878772CA21|6F41D	9544	Metazoa	Chordata	Mammalia	Primates	Cercopithecidae	Macaca	Macaca mulatta
E250118428L1C036R01501078694|Cx:i:8407|Cy:i:5527|25C54949CA052|BB2E1	9823	Metazoa	Chordata	Mammalia	Artiodactyla	Suidae	Sus	Sus scrofa
E250118428L1C037R03302308493|Cx:i:14933|Cy:i:14471|1AD48CB4637C|98C39	9606	Metazoa	Chordata	Mammalia	Primates	Hominidae	Homo	Homo sapiens
E250118428L1C038R00103767740|Cx:i:4652|Cy:i:8208|16701A0402010|9706D	9823	Metazoa	Chordata	Mammalia	Artiodactyla	Suidae	Sus	Sus scrofa
E250118428L1C038R02002124968|Cx:i:15569|Cy:i:15758|151C991567B08|5BF33	9544	Metazoa	Chordata	Mammalia	Primates	Cercopithecidae	Macaca	Macaca mulatta
E250118428L1C039R00200676898|Cx:i:13187|Cy:i:15934|A70C051C10AE|607D6	60711	Metazoa	Chordata	Mammalia	Primates	Cercopithecidae	Chlorocebus	Chlorocebus sabaeus
E250118428L1C039R02404933096|Cx:i:15933|Cy:i:13734|63306704857|4E063	9544	Metazoa	Chordata	Mammalia	Primates	Cercopithecidae	Macaca	Macaca mulatta
E250118428L1C040R02403523887|Cx:i:8648|Cy:i:15966|2A4D91404BF44|65C59	61853	Metazoa	Chordata	Mammalia	Primates	Hylobatidae	Nomascus	Nomascus leucogenys
E250118428L1C001R01803025137|Cx:i:3004|Cy:i:21042|1D455E1C8D404|67D81	9541	Metazoa	Chordata	Mammalia	Primates	Cercopithecidae	Macaca	Macaca fascicularis
E250118428L1C005R00904003841|Cx:i:11735|Cy:i:9502|224E515836459|ACFD6	9823	Metazoa	Chordata	Mammalia	Artiodactyla	Suidae	Sus	Sus scrofa
E250118428L1C005R03402406517|Cx:i:5597|Cy:i:21206|1C26A8D735ED4|FFF1C	9568	Metazoa	Chordata	Mammalia	Primates	Cercopithecidae	Mandrillus	Mandrillus leucophaeus
E250118428L1C006R02201898026|Cx:i:9172|Cy:i:11751|424187185ABB|875CD	9838	Metazoa	Chordata	Mammalia	Artiodactyla	Camelidae	Camelus	Camelus dromedarius
E250118428L1C007R01600215257|Cx:i:17156|Cy:i:5904|2724400718002|47F5F	9606	Metazoa	Chordata	Mammalia	Primates	Hominidae	Homo	Homo sapiens
E250118428L1C007R02003364151|Cx:i:5519|Cy:i:19092|B077B55761BD|59C3E	591936	Metazoa	Chordata	Mammalia	Primates	Cercopithecidae	Piliocolobus	Piliocolobus tephrosceles
E250118428L1C008R01502045456|Cx:i:16167|Cy:i:13394|3CED0AD175D34|B9564	9470	Metazoa	Chordata	Mammalia	Primates	Lorisidae	Nycticebus	Nycticebus coucang
E250118428L1C009R01902409513|Cx:i:16847|Cy:i:9144|1CBEE9D081F84|64C0F	9606	Metazoa	Chordata	Mammalia	Primates	Hominidae	Homo	Homo sapiens
E250118428L1C009R02400662399|Cx:i:10702|Cy:i:15308|4122CE282155|61F68	9606	Metazoa	Chordata	Mammalia	Primates	Hominidae	Homo	Homo sapiens
E250118428L1C011R00303463832|Cx:i:16699|Cy:i:7108|19591D750FCB1|8EA2C	9544	Metazoa	Chordata	Mammalia	Primates	Cercopithecidae	Macaca	Macaca mulatta
E250118428L1C012R01101253695|Cx:i:10034|Cy:i:16186|159575014194D|571BA	9606	Metazoa	Chordata	Mammalia	Primates	Hominidae	Homo	Homo sapiens
E250118428L1C013R00902633389|Cx:i:17338|Cy:i:8363|E475A43189C4|64C8F	9555	Metazoa	Chordata	Mammalia	Primates	Cercopithecidae	Papio	Papio anubis
E250118428L1C016R03903154520|Cx:i:16949|Cy:i:11415|34C4FEA7A5018|6395D	9544	Metazoa	Chordata	Mammalia	Primates	Cercopithecidae	Macaca	Macaca mulatta
E250118428L1C017R00703252835|Cx:i:9828|Cy:i:8414|80187E88D1D2|67B5D	9544	Metazoa	Chordata	Mammalia	Primates	Cercopithecidae	Macaca	Macaca mulatta
E250118428L1C017R01700435799|Cx:i:9895|Cy:i:14537|1084543060089|5B88C	9823	Metazoa	Chordata	Mammalia	Artiodactyla	Suidae	Sus	Sus scrofa
E250118428L1C019R01802403484|Cx:i:17626|Cy:i:21391|1330E40291927|9FA31	9606	Metazoa	Chordata	Mammalia	Primates	Hominidae	Homo	Homo sapiens
E250118428L1C019R03204635871|Cx:i:13738|Cy:i:10892|34FDE1E11882E|F3EFB	54180	Metazoa	Chordata	Mammalia	Primates	Cercopithecidae	Trachypithecus	Trachypithecus francoisi
E250118428L1C020R01000475929|Cx:i:14983|Cy:i:13415|3C3506F281457|65014	9823	Metazoa	Chordata	Mammalia	Artiodactyla	Suidae	Sus	Sus scrofa
E250118428L1C020R02102202443|Cx:i:6114|Cy:i:17338|4557D8B04290|67F58	9606	Metazoa	Chordata	Mammalia	Primates	Hominidae	Homo	Homo sapiens
E250118428L1C022R04002765895|Cx:i:10431|Cy:i:20624|535766590C42|5B813	9606	Metazoa	Chordata	Mammalia	Primates	Hominidae	Homo	Homo sapiens
E250118428L1C023R00302946855|Cx:i:16714|Cy:i:7280|654D1655C94E|9AE89	9544	Metazoa	Chordata	Mammalia	Primates	Cercopithecidae	Macaca	Macaca mulatta
E250118428L1C023R02802398557|Cx:i:11878|Cy:i:15241|1E9754404082E|FCC9A	9606	Metazoa	Chordata	Mammalia	Primates	Hominidae	Homo	Homo sapiens
E250118428L1C023R03300917534|Cx:i:4656|Cy:i:16596|736CD5702C38|722CB	9606	Metazoa	Chordata	Mammalia	Primates	Hominidae	Homo	Homo sapiens
E250118428L1C024R02304870790|Cx:i:6307|Cy:i:18122|1012A100470C4|128F5	9606	Metazoa	Chordata	Mammalia	Primates	Hominidae	Homo	Homo sapiens
E250118428L1C024R04201280130|Cx:i:6820|Cy:i:17457|20D5286800122|D5C10	9545	Metazoa	Chordata	Mammalia	Primates	Cercopithecidae	Macaca	Macaca nemestrina
E250118428L1C024R04202229162|Cx:i:8168|Cy:i:20467|319C3D1D4B76C|414B0	9823	Metazoa	Chordata	Mammalia	Artiodactyla	Suidae	Sus	Sus scrofa
E250118428L1C026R01903627588|Cx:i:16941|Cy:i:9637|19C0634C01954|5CD65	9606	Metazoa	Chordata	Mammalia	Primates	Hominidae	Homo	Homo sapiens
E250118428L1C027R03604652535|Cx:i:6736|Cy:i:19638|38DC04864C600|5E0C8	9823	Metazoa	Chordata	Mammalia	Artiodactyla	Suidae	Sus	Sus scrofa
E250118428L1C032R00402662637|Cx:i:11532|Cy:i:21317|1D92DE8565D61|5ECC6	9531	Metazoa	Chordata	Mammalia	Primates	Cercopithecidae	Cercocebus	Cercocebus atys
E250118428L1C033R01304587876|Cx:i:14079|Cy:i:15919|278773DD7E5A7|5F830	9565	Metazoa	Chordata	Mammalia	Primates	Cercopithecidae	Theropithecus	Theropithecus gelada
E250118428L1C036R00601216530|Cx:i:12288|Cy:i:10550|2996140A44A64|FFFFF	9544	Metazoa	Chordata	Mammalia	Primates	Cercopithecidae	Macaca	Macaca mulatta
E250118428L1C036R02901961301|Cx:i:13495|Cy:i:14930|1A81D68245CC3|C239C	9598	Metazoa	Chordata	Mammalia	Primates	Hominidae	Pan	Pan troglodytes
E250118428L1C038R00605042417|Cx:i:12410|Cy:i:18230|257570AA0A34C|567AD	9606	Metazoa	Chordata	Mammalia	Primates	Hominidae	Homo	Homo sapiens
E250118428L1C038R02504185235|Cx:i:4494|Cy:i:20400|1F0021C8A5301|A859E	9606	Metazoa	Chordata	Mammalia	Primates	Hominidae	Homo	Homo sapiens
E250118428L1C039R00704798161|Cx:i:7411|Cy:i:20858|14586C2EFC584|FFFFF	9531	Metazoa	Chordata	Mammalia	Primates	Cercopithecidae	Cercocebus	Cercocebus atys
E250118428L1C040R01403594282|Cx:i:8560|Cy:i:18580|212021004C5|6AE63	9541	Metazoa	Chordata	Mammalia	Primates	Cercopithecidae	Macaca	Macaca fascicularis
E250118428L1C040R03604242640|Cx:i:15935|Cy:i:5321|3E3534354F501|5C8A1	9544	Metazoa	Chordata	Mammalia	Primates	Cercopithecidae	Macaca	Macaca mulatta
E250118428L1C001R01503317191|Cx:i:16402|Cy:i:13493|2296483AC4806|18ABD	9545	Metazoa	Chordata	Mammalia	Primates	Cercopithecidae	Macaca	Macaca nemestrina
E250118428L1C004R00304980387|Cx:i:10565|Cy:i:17873|C7DE1C224DE4|66A5D	54180	Metazoa	Chordata	Mammalia	Primates	Cercopithecidae	Trachypithecus	Trachypithecus francoisi
E250118428L1C004R00400589744|Cx:i:3224|Cy:i:20347|36503DF541323|78DCC	77151	Metazoa	Chordata	Mammalia	Carnivora	Mustelidae	Mustela	Mustela nigripes
E250118428L1C006R02301429838|Cx:i:7128|Cy:i:20783|230335108F153|E6398	9823	Metazoa	Chordata	Mammalia	Artiodactyla	Suidae	Sus	Sus scrofa
E250118428L1C006R03804839090|Cx:i:16656|Cy:i:7215|3D7B5A1CE724F|404B3	9606	Metazoa	Chordata	Mammalia	Primates	Hominidae	Homo	Homo sapiens
E250118428L1C007R03100024066|Cx:i:13852|Cy:i:4268|1E05DF049F71C|6A4D0	9568	Metazoa	Chordata	Mammalia	Primates	Cercopithecidae	Mandrillus	Mandrillus leucophaeus
E250118428L1C007R03504412928|Cx:i:12378|Cy:i:14904|2B8C11A08DA22|9F835	9544	Metazoa	Chordata	Mammalia	Primates	Cercopithecidae	Macaca	Macaca mulatta
E250118428L1C008R02200393676|Cx:i:16654|Cy:i:12910|3520254D6025E|59C69	9544	Metazoa	Chordata	Mammalia	Primates	Cercopithecidae	Macaca	Macaca mulatta
E250118428L1C008R02602594300|Cx:i:15413|Cy:i:12540|3567519B46F02|49C80	257877	Metazoa	Chordata	Mammalia	Primates	Cercopithecidae	Macaca	Macaca thibetana
E250118428L1C009R00903655613|Cx:i:6061|Cy:i:16481|397ECCC480C40|8CB9D	9823	Metazoa	Chordata	Mammalia	Artiodactyla	Suidae	Sus	Sus scrofa
E250118428L1C009R02604132285|Cx:i:9323|Cy:i:2025|32440C102211|77F4C	9544	Metazoa	Chordata	Mammalia	Primates	Cercopithecidae	Macaca	Macaca mulatta
E250118428L1C010R01002215811|Cx:i:18867|Cy:i:11909|70635CD41D72|5185	9541	Metazoa	Chordata	Mammalia	Primates	Cercopithecidae	Macaca	Macaca fascicularis
E250118428L1C010R01002409682|Cx:i:16063|Cy:i:13299|5B0012183889|D4E93	257877	Metazoa	Chordata	Mammalia	Primates	Cercopithecidae	Macaca	Macaca thibetana
E250118428L1C011R00601211579|Cx:i:11187|Cy:i:7503|19320670DF07C|36E66	9544	Metazoa	Chordata	Mammalia	Primates	Cercopithecidae	Macaca	Macaca mulatta
E250118428L1C012R00902095095|Cx:i:13747|Cy:i:3598|139CD13429743|981A2	9544	Metazoa	Chordata	Mammalia	Primates	Cercopithecidae	Macaca	Macaca mulatta
E250118428L1C013R01701318497|Cx:i:20688|Cy:i:19332|318149C4249EC|7E017	9823	Metazoa	Chordata	Mammalia	Artiodactyla	Suidae	Sus	Sus scrofa
E250118428L1C013R03204204133|Cx:i:4042|Cy:i:18080|9A2069DDF825|74163	9823	Metazoa	Chordata	Mammalia	Artiodactyla	Suidae	Sus	Sus scrofa
E250118428L1C015R01901917430|Cx:i:11169|Cy:i:15675|153028424103F|89955	9606	Metazoa	Chordata	Mammalia	Primates	Hominidae	Homo	Homo sapiens
E250118428L1C016R00402107240|Cx:i:17331|Cy:i:10521|12996103006B9|60104	9544	Metazoa	Chordata	Mammalia	Primates	Cercopithecidae	Macaca	Macaca mulatta
E250118428L1C016R02704901360|Cx:i:4959|Cy:i:10367|1D8479521572E|5FC57	9555	Metazoa	Chordata	Mammalia	Primates	Cercopithecidae	Papio	Papio anubis
E250118428L1C016R03204570093|Cx:i:6705|Cy:i:11305|2411CD34E4892|78453	9823	Metazoa	Chordata	Mammalia	Artiodactyla	Suidae	Sus	Sus scrofa
E250118428L1C017R00404095561|Cx:i:10119|Cy:i:10452|1DCD5253413E1|5BDCA	9606	Metazoa	Chordata	Mammalia	Primates	Hominidae	Homo	Homo sapiens
E250118428L1C017R02301888558|Cx:i:13800|Cy:i:14001|119A444D7821F|BA96	9606	Metazoa	Chordata	Mammalia	Primates	Hominidae	Homo	Homo sapiens
E250118428L1C018R03801533856|Cx:i:14622|Cy:i:6462|1B5E08308C825|84611	9545	Metazoa	Chordata	Mammalia	Primates	Cercopithecidae	Macaca	Macaca nemestrina
E250118428L1C019R02401289699|Cx:i:5199|Cy:i:13577|5C2512575E8|77F3C	9601	Metazoa	Chordata	Mammalia	Primates	Hominidae	Pongo	Pongo abelii
E250118428L1C019R02900179016|Cx:i:5193|Cy:i:18785|1E54485F9223D|F1D94	9531	Metazoa	Chordata	Mammalia	Primates	Cercopithecidae	Cercocebus	Cercocebus atys
E250118428L1C023R02702451729|Cx:i:13561|Cy:i:16040|94671695EEE4|67FE9	9606	Metazoa	Chordata	Mammalia	Primates	Hominidae	Homo	Homo sapiens
E250118428L1C027R00800528577|Cx:i:11948|Cy:i:21002|1CA1ED478A135|67FC1	9541	Metazoa	Chordata	Mammalia	Primates	Cercopithecidae	Macaca	Macaca fascicularis
E250118428L1C028R00204683455|Cx:i:5184|Cy:i:19669|2475C7F564555|8BCCB	9606	Metazoa	Chordata	Mammalia	Primates	Hominidae	Homo	Homo sapiens
E250118428L1C029R03203982791|Cx:i:15754|Cy:i:13649|428EE4082A10|53C01	60711	Metazoa	Chordata	Mammalia	Primates	Cercopithecidae	Chlorocebus	Chlorocebus sabaeus
E250118428L1C030R00501928697|Cx:i:9345|Cy:i:7469|83500301A40|436AB	9823	Metazoa	Chordata	Mammalia	Artiodactyla	Suidae	Sus	Sus scrofa
